{
    "PROJECT_NAME": "\"Mbed OS Reference\"",
    "ENABLE_PREPROCESSING": "YES",
    "MACRO_EXPANSION": "YES",
    "EXPAND_ONLY_PREDEF": "NO",
    "SEARCH_INCLUDES": "YES",
    "INCLUDE_PATH": "",
    "INCLUDE_FILE_PATTERNS": "",
    "PREDEFINED": "DOXYGEN_ONLY DEVICE_ANALOGIN DEVICE_ANALOGOUT DEVICE_CAN DEVICE_CRC DEVICE_ETHERNET DEVICE_EMAC DEVICE_FLASH  DEVICE_I2C DEVICE_I2CSLAVE DEVICE_I2C_ASYNCH DEVICE_INTERRUPTIN DEVICE_ITM DEVICE_LPTICKER DEVICE_MPU DEVICE_PORTIN DEVICE_PORTINOUT DEVICE_PORTOUT DEVICE_PWMOUT DEVICE_RTC DEVICE_TRNG DEVICE_SERIAL DEVICE_SERIAL_ASYNCH DEVICE_SERIAL_FC DEVICE_SLEEP DEVICE_SPI DEVICE_SPI_ASYNCH DEVICE_SPISLAVE DEVICE_QSPI DEVICE_STORAGE DEVICE_WATCHDOG DEVICE_RESET_REASON COMPONENT_SPE COMPONENT_SPM_MAILBOX \"TFM_LVL=1\" \"MBED_DEPRECATED_SINCE(f, g)=\" \"MBED_ENABLE_IF_CALLBACK_COMPATIBLE(F, M)=\" \"MBED_DEPRECATED(s)=\" \"BLE_ROLE_OBSERVER=1\" \"BLE_ROLE_BROADCASTER=1\" \"BLE_ROLE_PERIPHERAL=1\" \"BLE_ROLE_CENTRAL=1\" \"BLE_FEATURE_GATT_CLIENT=1\" \"BLE_FEATURE_GATT_SERVER=1\" \"BLE_FEATURE_SECURITY=1\" \"BLE_FEATURE_SECURE_CONNECTIONS=1\" \"BLE_FEATURE_SIGNING=1\" \"BLE_FEATURE_PHY_MANAGEMENT=1\" \"BLE_FEATURE_WHITELIST=1\" \"BLE_FEATURE_PRIVACY=1\" \"BLE_FEATURE_PERIODIC_ADVERTISING=1\" \"BLE_FEATURE_EXTENDED_ADVERTISING=1\"",
    "EXPAND_AS_DEFINED": "",
    "SKIP_FUNCTION_MACROS": "NO",
    "STRIP_CODE_COMMENTS": "NO",
    "EXCLUDE_PATTERNS": "*/tools/* */targets/* */features/mbedtls/* */features/unsupported/* */BUILD/* */rtos/TARGET_CORTEX/rtx*/* */cmsis/* */features/lwipstack/* */nanostack/sal-stack-nanostack/* */nanostack/coap-service/* */ble/generic/* */ble/pal/* */mbed-trace/* */mbed-coap/* */nanostack-libservice/* */mbed-client-randlib/* */nanostack/sal-stack-nanostack-eventloop/* */components/802.15.4_RF/* */components/wifi/* */features/nfc/stack/* */UNITTESTS/* */features/cryptocell/*",
    "ALPHABETICAL_INDEX": "NO",
    "CASE_SENSE_NAMES": "NO",
    "DOT_MULTI_TARGETS": "YES",
    "EXCLUDE_SYMLINKS": "YES",
    "EXTRACT_ANON_NSPACES": "YES",
    "EXTRACT_LOCAL_CLASSES": "NO",
    "EXTRACT_STATIC": "YES",
    "FILE_PATTERNS": "*.h DOXYGEN_FRONTPAGE.md",
    "FULL_PATH_NAMES": "NO",
    "GENERATE_BUGLIST": "NO",
    "GENERATE_LATEX": "NO",
    "GENERATE_TESTLIST": "NO",
    "GENERATE_TODOLIST": "NO",
    "HIDE_SCOPE_NAMES": "YES",
    "HIDE_UNDOC_MEMBERS": "YES",
    "HIDE_FRIEND_COMPOUNDS": "YES",
    "INLINE_INFO": "NO",
    "INLINE_INHERITED_MEMB": "YES",
    "JAVADOC_AUTOBRIEF": "YES",
    "PAPER_TYPE": "a4wide",
    "QUIET": "YES",
    "REFERENCES_LINK_SOURCE": "NO",
    "SHOW_USED_FILES": "NO",
    "SOURCE_BROWSER": "YES",
    "ALWAYS_DETAILED_SEC": "YES",

    "INPUT": "mbed-os",
    "HTML_OUTPUT": "html",

    "RECURSIVE": "YES",
    "OPTIMIZE_OUTPUT_FOR_C": "YES",
    "USE_MDFILE_AS_MAINPAGE": "DOXYGEN_FRONTPAGE.md",
    "SEARCHENGINE": "YES"
}
