{
    "name": "events",
    "config": {
        "present": 1,
        "shared-stacksize": {
            "help": "Stack size (bytes) for shared event queue thread",
            "value": 2048
        },
        "shared-eventsize": {
            "help": "Event buffer size (bytes) for shared event queue",
            "value": 768
        },
        "shared-dispatch-from-application": {
            "help": "No thread created for shared event queue - application will call dispatch from another thread (eg dispatch_forever at end of main)",
            "value": false
        },
        "shared-highprio-stacksize": {
            "help": "Stack size (bytes) for shared high-priority event queue thread",
            "value": 1024
        },
        "shared-highprio-eventsize": {
            "help": "Event buffer size (bytes) for shared high-priority event queue",
            "value": 256
        },
        "use-lowpower-timer-ticker": {
            "help": "Enable use of low power timer and ticker classes in non-RTOS builds. May reduce the accuracy of the event queue. In RTOS builds, the RTOS tick count is used, and this configuration option has no effect.",
            "value": 0
        }
    }
}
