{
    "name": "QUECTEL_BG96",
    "config": {
        "tx": {
            "help": "TX pin for serial connection. D1 assumed if Arduino Form Factor, needs to be set/overwritten otherwise.",
            "value": null
        },
        "rx": {
            "help": "RX pin for serial connection. D0 assumed if Arduino Form Factor, needs to be set/overwritten otherwise.",
            "value": null
        },
        "rts": {
            "help": "RTS pin for serial connection",
            "value": null
        },
        "cts": {
            "help": "CTS pin for serial connection",
            "value": null
        },
        "pwr": {
            "help": "Power control pin",
            "value": null
        },
        "rst": {
            "help": "Reset control pin",
            "value": null
        },
        "polarity": {
            "help": "Pin polarity, 1 = Active high, 0 = Active low",
            "value": null
        },
        "baudrate" : {
            "help": "Serial connection baud rate",
            "value": 115200
        },
        "provide-default": {
            "help": "Provide as default CellularDevice [true/false]",
            "value": false
        }
    },
    "target_overrides": {
        "MTB_STM_L475": {
            "tx": "SERIAL_TX",
            "rx": "SERIAL_RX",
            "pwr": "PE_15",
            "rst": "PE_9"
        }
    }
}
